Job_Role,Required_Skills
Database Administrator,MySQL Backup & Recovery ETL Performance Tuning NoSQL
DevOps Engineer,Networking Scrum Prometheus Ansible Kubernetes Grafana GitLab CI Jenkins
Mobile Developer,React Native Android Linux Swift SQLite Problem Solving Kotlin Firebase Mobile UI
Cloud Architect,Networking Azure Security Cloud Computing Communication GCP Docker Git
Mobile Developer,React Native Scrum Firebase Dart iOS REST APIs Android
Data Scientist,Data Visualization Scikit-Learn Git Machine Learning TensorFlow Tableau
Machine Learning Engineer,CUDA Keras Linux PyTorch TensorFlow Python Deep Learning MLOps
DevOps Engineer,Terraform AWS Git GitLab CI Bash Ansible Networking Kubernetes
Machine Learning Engineer,Computer Vision NLP Spark CUDA Deep Learning Keras Scrum
Machine Learning Engineer,CUDA Computer Vision NLP Python
Database Administrator,Data Warehousing Agile Oracle ETL PostgreSQL Backup & Recovery
Machine Learning Engineer,Computer Vision Spark NLP Python
Mobile Developer,Dart Flutter Swift SQLite Android React Native Kotlin
Database Administrator,Performance Tuning Agile Data Warehousing NoSQL Backup & Recovery Oracle PostgreSQL
Machine Learning Engineer,PyTorch Communication MLOps Python TensorFlow Git AWS SageMaker
Cyber Security Analyst,Bash Metasploit Cryptography SIEM Wireshark
Backend Engineer,REST APIs Java MongoDB Microservices Python
Frontend Developer,Angular Vue.js CSS3 Jira Webpack JavaScript Scrum Tailwind HTML5
Frontend Developer,Webpack CSS3 React Sass UI/UX
DevOps Engineer,Bash Problem Solving GitLab CI Jenkins Agile Kubernetes Networking Docker Grafana
DevOps Engineer,Terraform Bash Jenkins GitLab CI Prometheus
Data Scientist,SQL Jupyter R Scikit-Learn Tableau Python Problem Solving
Backend Engineer,.NET Redis MongoDB Node.js Microservices
Cyber Security Analyst,Incident Response Problem Solving Kali Linux Git Penetration Testing SIEM
Mobile Developer,REST APIs Swift SQLite Firebase Mobile UI Android Flutter
Frontend Developer,UI/UX React JavaScript Angular Vue.js HTML5
Machine Learning Engineer,Jira CUDA AWS SageMaker MLOps PyTorch Spark Scrum
Mobile Developer,React Native Mobile UI Android Dart Communication
DevOps Engineer,Docker Jenkins Linux Networking Bash GitLab CI
Database Administrator,Database Design PostgreSQL Backup & Recovery NoSQL Data Warehousing Oracle MySQL
Database Administrator,Oracle SQL Server Data Warehousing ETL Communication
Database Administrator,Problem Solving Data Warehousing NoSQL PostgreSQL SQL Server MySQL ETL Performance Tuning
Backend Engineer,Python Node.js GraphQL Problem Solving REST APIs MongoDB C# .NET
Database Administrator,Database Design Communication Oracle Jira Data Warehousing SQL Server MySQL
Game Developer,Jira Unity 3D Math C# Shader Programming C++
Database Administrator,SQL Server Performance Tuning Data Warehousing MySQL NoSQL Scrum Problem Solving
Game Developer,Shader Programming Unity 3D Math Physics Engines Unreal Engine C# DirectX
Data Scientist,SQL R Jupyter PyTorch Scrum Git
Cloud Architect,Cloud Computing Kubernetes Docker Azure
Backend Engineer,MongoDB Microservices Go GraphQL
Cyber Security Analyst,Wireshark Penetration Testing Firewalls SIEM Cryptography Python
Cyber Security Analyst,Problem Solving Incident Response Nmap Bash Python Wireshark Firewalls
Data Scientist,R Data Visualization Tableau Pandas Python TensorFlow SQL Git
Cyber Security Analyst,Python SIEM Bash Kali Linux
Cloud Architect,Git Security GCP AWS Scrum Kubernetes Azure Networking Docker
Cloud Architect,IAM Security Serverless Cloud Computing Git Agile Docker
DevOps Engineer,Scrum GitLab CI Linux Kubernetes Prometheus Docker Ansible
Data Scientist,Pandas SQL Python Tableau PyTorch
Mobile Developer,Git Android Kotlin Swift SQLite Mobile UI Jira
Backend Engineer,.NET Git C# Python Microservices Jira Redis Go SQL Server
Cyber Security Analyst,SIEM Penetration Testing Wireshark Firewalls Bash Kali Linux Problem Solving
Cyber Security Analyst,Python Cryptography Incident Response Kali Linux Nmap
Data Scientist,R Statistics Python Jupyter Tableau PyTorch
Data Scientist,Scikit-Learn Python Statistics Jupyter Jira Pandas Data Visualization Linux Machine Learning
Mobile Developer,Android REST APIs Firebase Flutter SQLite Kotlin
Machine Learning Engineer,NLP Computer Vision TensorFlow Python
Cloud Architect,Kubernetes Agile Scrum Infrastructure as Code Networking IAM Docker Security
Data Scientist,Communication Pandas Tableau PyTorch Data Visualization Statistics TensorFlow
Database Administrator,Performance Tuning MySQL Database Design NoSQL
Data Scientist,SQL Statistics R TensorFlow
DevOps Engineer,Terraform Ansible Docker AWS Prometheus Linux Grafana
Mobile Developer,Android React Native Flutter REST APIs Problem Solving Firebase
DevOps Engineer,AWS Grafana Linux Agile Terraform Networking Jenkins Scrum Ansible
Cyber Security Analyst,Incident Response Kali Linux Wireshark Nmap Bash Firewalls Agile Python
DevOps Engineer,Linux Linux Networking AWS GitLab CI
Cyber Security Analyst,Nmap Penetration Testing Firewalls SIEM
DevOps Engineer,GitLab CI Networking Git Ansible Docker AWS
Cyber Security Analyst,Python Penetration Testing Git Jira Cryptography Incident Response Kali Linux Bash
Data Scientist,Agile Statistics Data Visualization Scikit-Learn Jupyter Scrum PyTorch Python TensorFlow
Mobile Developer,Swift Flutter React Native iOS Firebase Dart Mobile UI
Mobile Developer,Swift React Native Firebase SQLite Linux Mobile UI
DevOps Engineer,Kubernetes Ansible Jenkins Bash GitLab CI Prometheus Terraform
Cloud Architect,IAM Scrum AWS Infrastructure as Code Problem Solving Serverless Azure Networking
Machine Learning Engineer,TensorFlow AWS SageMaker Keras MLOps Python
Mobile Developer,Android Swift Dart Linux Kotlin REST APIs
Backend Engineer,Problem Solving C# Microservices REST APIs SQL Server
Frontend Developer,HTML5 Agile Vue.js Tailwind JavaScript Vite Webpack UI/UX Jira
Data Scientist,R Linux SQL Pandas Statistics Machine Learning TensorFlow Data Visualization
Backend Engineer,Microservices Java Go C# Python MongoDB
Backend Engineer,Go Java GraphQL SQL Server Problem Solving Node.js
Mobile Developer,Kotlin Agile Scrum SQLite REST APIs React Native Swift Dart
Database Administrator,SQL Server Data Warehousing Database Design PostgreSQL
Mobile Developer,Swift Firebase Jira Flutter Problem Solving SQLite REST APIs React Native
Database Administrator,Performance Tuning Oracle ETL Database Design Linux MySQL Data Warehousing
Data Scientist,R TensorFlow SQL Machine Learning
Backend Engineer,MongoDB GraphQL Node.js Agile Python REST APIs
Mobile Developer,Firebase iOS REST APIs Scrum Mobile UI Jira React Native Kotlin
Machine Learning Engineer,Deep Learning MLOps Spark Agile Problem Solving CUDA
Backend Engineer,Java Git Redis .NET REST APIs Go
Database Administrator,MySQL Jira PostgreSQL Backup & Recovery ETL
Game Developer,C# DirectX C++ OpenGL Unreal Engine 3D Math
Data Scientist,TensorFlow PyTorch Data Visualization Statistics Pandas
Data Scientist,Python Pandas Scikit-Learn Data Visualization SQL
Database Administrator,PostgreSQL Data Warehousing MySQL ETL
Cloud Architect,Docker IAM Networking Scrum Security Serverless AWS Kubernetes
Machine Learning Engineer,Problem Solving Spark MLOps NLP Python Deep Learning Linux
Backend Engineer,Node.js Java SQL Server .NET C# Microservices
Cloud Architect,Serverless Security Docker IAM
Data Scientist,Tableau Linux Scikit-Learn Scrum SQL Jupyter Statistics PyTorch
Frontend Developer,JavaScript TypeScript Vite Git Webpack Vue.js Tailwind Angular
Frontend Developer,Angular UI/UX Scrum TypeScript Linux Vue.js Sass React CSS3
Machine Learning Engineer,PyTorch Computer Vision Problem Solving Communication MLOps Spark Python NLP TensorFlow
Data Scientist,R Scikit-Learn Python Jupyter Linux SQL Scrum PyTorch
Backend Engineer,Python Jira REST APIs Java Node.js
Cyber Security Analyst,Linux Metasploit Jira Wireshark Firewalls Kali Linux
Database Administrator,MySQL Database Design NoSQL Backup & Recovery Linux Performance Tuning SQL Server Data Warehousing
Frontend Developer,Problem Solving Angular Sass TypeScript JavaScript Tailwind Vite UI/UX
Backend Engineer,GraphQL Go Scrum .NET C# Microservices Python Java
Backend Engineer,MongoDB Python Java Git GraphQL Redis Go
Cyber Security Analyst,Incident Response Cryptography Penetration Testing Nmap Problem Solving
Database Administrator,Oracle Backup & Recovery Problem Solving Database Design NoSQL
Database Administrator,ETL MySQL PostgreSQL Oracle Database Design NoSQL
Game Developer,Unreal Engine OpenGL Git Game Design Physics Engines
Backend Engineer,C# Redis GraphQL Microservices .NET
Frontend Developer,Vite Problem Solving Angular React CSS3
Mobile Developer,REST APIs iOS Android Flutter Swift Agile Mobile UI SQLite Linux
Backend Engineer,Java REST APIs SQL Server Go MongoDB Scrum Redis
Game Developer,DirectX Physics Engines Agile OpenGL Unity C++
Data Scientist,Pandas Jira Machine Learning Scikit-Learn TensorFlow Jupyter Tableau R
Cyber Security Analyst,Wireshark Jira Kali Linux Linux Incident Response Firewalls
Machine Learning Engineer,Git CUDA TensorFlow Keras Computer Vision Communication
Data Scientist,Agile Data Visualization PyTorch Jupyter Jira Scikit-Learn
Machine Learning Engineer,Jira NLP TensorFlow Spark Deep Learning Computer Vision MLOps Scrum Python
Backend Engineer,Node.js Microservices Python GraphQL
Cloud Architect,Azure Docker Security GCP
Cyber Security Analyst,Kali Linux Cryptography Wireshark Scrum Metasploit Nmap Python
Database Administrator,MySQL Data Warehousing Database Design Performance Tuning NoSQL Problem Solving PostgreSQL
DevOps Engineer,Kubernetes Bash Ansible Grafana Terraform AWS
Data Scientist,SQL Python Linux Statistics Pandas Scikit-Learn Jira Tableau
Cloud Architect,Security IAM Infrastructure as Code Networking
Data Scientist,Jupyter PyTorch TensorFlow Statistics Machine Learning Python
Data Scientist,PyTorch Pandas Scikit-Learn SQL Python Data Visualization Machine Learning
Mobile Developer,iOS Swift Git React Native Firebase Communication Android
Frontend Developer,Vue.js Linux CSS3 Angular Webpack UI/UX Sass TypeScript
Cloud Architect,Problem Solving Azure Networking Docker Cloud Computing Kubernetes Serverless
Data Scientist,Linux SQL Machine Learning R Agile Data Visualization Python
Game Developer,Physics Engines DirectX C# Agile Unreal Engine C++ Unity
Cloud Architect,Cloud Computing AWS IAM Networking Problem Solving Azure
Backend Engineer,GraphQL Node.js Go REST APIs
Mobile Developer,Android Mobile UI React Native Dart Git
Game Developer,DirectX C# C++ Jira Unity Unreal Engine
Mobile Developer,Swift iOS React Native Mobile UI
Frontend Developer,CSS3 Vite Scrum Sass Webpack Vue.js TypeScript
Cloud Architect,Networking GCP Linux IAM Cloud Computing Kubernetes Security Docker
DevOps Engineer,Linux Kubernetes Jenkins GitLab CI Ansible Linux
DevOps Engineer,Bash Kubernetes Grafana Docker Communication Agile Prometheus Linux Networking
DevOps Engineer,Terraform Bash GitLab CI Jenkins Problem Solving Networking Prometheus Linux
DevOps Engineer,GitLab CI Networking Linux Grafana Jenkins Problem Solving Kubernetes Agile Prometheus
Database Administrator,MySQL SQL Server ETL Oracle Agile Data Warehousing Problem Solving Performance Tuning
Game Developer,Shader Programming C# 3D Math C++ Unity Git Agile
Mobile Developer,iOS REST APIs React Native Mobile UI Swift Kotlin Flutter
Machine Learning Engineer,Keras PyTorch TensorFlow NLP Deep Learning Computer Vision Spark
Database Administrator,NoSQL MySQL Data Warehousing Oracle PostgreSQL Performance Tuning Database Design Git
Database Administrator,Backup & Recovery SQL Server Performance Tuning NoSQL Database Design
Frontend Developer,Angular React Communication TypeScript HTML5 CSS3 Vite UI/UX
DevOps Engineer,GitLab CI Networking Jenkins Scrum Communication Bash Terraform Grafana
DevOps Engineer,Linux Git GitLab CI Jira Jenkins Kubernetes Terraform Docker
Cloud Architect,Docker Jira Infrastructure as Code Problem Solving Azure Kubernetes Networking
Cyber Security Analyst,Bash Incident Response Firewalls Penetration Testing Git Python SIEM
DevOps Engineer,Grafana GitLab CI Bash Problem Solving Ansible AWS
Game Developer,DirectX Physics Engines Unity Git Unreal Engine
Backend Engineer,Agile SQL Server Java Node.js REST APIs
Machine Learning Engineer,AWS SageMaker Deep Learning CUDA Computer Vision Python Keras Scrum Spark
Cyber Security Analyst,Kali Linux Firewalls Incident Response Python Metasploit Nmap Cryptography
Game Developer,Git C# Game Design Unreal Engine C++ Physics Engines DirectX Shader Programming
Frontend Developer,React Linux CSS3 TypeScript JavaScript Git Tailwind Vite
Cyber Security Analyst,Cryptography Problem Solving Scrum Incident Response Metasploit Nmap
Database Administrator,Performance Tuning NoSQL Data Warehousing Oracle SQL Server
Cyber Security Analyst,Scrum Kali Linux Cryptography Wireshark Agile Metasploit SIEM Bash
Backend Engineer,C# GraphQL .NET Go
Game Developer,C# 3D Math DirectX OpenGL Shader Programming Unity
Database Administrator,Backup & Recovery NoSQL Performance Tuning ETL Agile Git
Game Developer,Game Design C# Physics Engines Unreal Engine C++ Agile OpenGL DirectX Problem Solving
Backend Engineer,Node.js Linux SQL Server Microservices Go C# Python
Database Administrator,Performance Tuning NoSQL ETL MySQL Backup & Recovery
Game Developer,C# Shader Programming 3D Math Physics Engines C++ OpenGL
Database Administrator,Backup & Recovery SQL Server Database Design ETL Oracle Performance Tuning Problem Solving Scrum
Cyber Security Analyst,Penetration Testing Wireshark Firewalls Cryptography SIEM Metasploit Nmap
Backend Engineer,REST APIs GraphQL Git MongoDB Agile Microservices Redis
Backend Engineer,GraphQL Node.js .NET Communication C# Jira
Cloud Architect,Security Docker Serverless Kubernetes Networking Jira Azure Agile Cloud Computing
Mobile Developer,Problem Solving Kotlin Firebase Mobile UI Dart Scrum React Native
Mobile Developer,Problem Solving Android Git Swift React Native Firebase REST APIs Dart SQLite
Game Developer,Linux Unreal Engine C# Physics Engines Unity Git
Database Administrator,Data Warehousing Database Design MySQL PostgreSQL NoSQL
Backend Engineer,Node.js GraphQL Java .NET C# Python SQL Server
DevOps Engineer,Jenkins Grafana Networking Prometheus Scrum Linux
Machine Learning Engineer,TensorFlow Deep Learning CUDA Communication PyTorch Keras AWS SageMaker
DevOps Engineer,Problem Solving Bash Grafana Ansible Linux Networking Linux
Cloud Architect,Agile Scrum AWS Infrastructure as Code Cloud Computing Docker Security Kubernetes
Cloud Architect,Azure Infrastructure as Code AWS IAM Communication Serverless Kubernetes Docker
Database Administrator,Data Warehousing Agile Performance Tuning Oracle NoSQL ETL Backup & Recovery
Cloud Architect,Security AWS Scrum Networking Cloud Computing Serverless Kubernetes
Frontend Developer,JavaScript Agile HTML5 Angular Webpack
Game Developer,Unity OpenGL C++ 3D Math C# Scrum Agile Game Design
Game Developer,Physics Engines 3D Math Unity Scrum Shader Programming Linux C++ OpenGL
Machine Learning Engineer,CUDA AWS SageMaker Linux TensorFlow Spark PyTorch
Mobile Developer,Mobile UI Communication Kotlin Git REST APIs SQLite Swift iOS
Cloud Architect,Infrastructure as Code Security Serverless IAM Jira Kubernetes AWS Scrum
Frontend Developer,Agile Sass UI/UX Webpack HTML5 JavaScript Jira
Machine Learning Engineer,Jira Computer Vision Python CUDA TensorFlow
Backend Engineer,C# REST APIs Problem Solving MongoDB Redis
Data Scientist,PyTorch Pandas TensorFlow Tableau Jupyter SQL R
Cloud Architect,Cloud Computing Security Docker AWS Azure GCP
Backend Engineer,Node.js Scrum REST APIs Python Redis Java GraphQL .NET
Machine Learning Engineer,AWS SageMaker Deep Learning TensorFlow PyTorch Scrum Python
Mobile Developer,Dart Communication Flutter SQLite REST APIs Kotlin Mobile UI React Native
DevOps Engineer,Linux GitLab CI Bash Ansible
Frontend Developer,Agile HTML5 TypeScript Git Vite Tailwind
Cyber Security Analyst,Wireshark Python Kali Linux Bash Incident Response SIEM Cryptography
Frontend Developer,Git HTML5 Vite Tailwind Angular
DevOps Engineer,Linux AWS Jira Prometheus Grafana GitLab CI Ansible
DevOps Engineer,Kubernetes Bash Scrum Jenkins Communication AWS
Backend Engineer,Node.js Java Microservices C# Redis
DevOps Engineer,Jenkins Docker GitLab CI AWS Terraform Networking
Data Scientist,TensorFlow Tableau Python PyTorch R Scikit-Learn
Cloud Architect,AWS Azure Infrastructure as Code Security Networking IAM
Frontend Developer,Tailwind Sass HTML5 UI/UX JavaScript Angular React
Mobile Developer,REST APIs Jira SQLite Swift Kotlin Dart Scrum React Native iOS
DevOps Engineer,AWS Networking Bash Ansible
Frontend Developer,Tailwind Vue.js Webpack TypeScript
Cloud Architect,GCP Agile Serverless Communication Azure Docker
DevOps Engineer,AWS Bash Jira Kubernetes Jenkins Git Networking Linux Terraform
Machine Learning Engineer,TensorFlow AWS SageMaker Deep Learning Spark NLP
Data Scientist,Tableau Pandas Scikit-Learn Machine Learning PyTorch
Game Developer,Physics Engines Jira DirectX Problem Solving Unreal Engine Shader Programming C# 3D Math Unity
Data Scientist,Scikit-Learn Jupyter Tableau Python Pandas PyTorch TensorFlow Jira
DevOps Engineer,Linux Docker Kubernetes Problem Solving Prometheus Bash Grafana Linux
Mobile Developer,SQLite Kotlin Mobile UI Jira Firebase Git
Cloud Architect,IAM Communication Kubernetes Networking Security Cloud Computing Serverless
DevOps Engineer,Terraform Linux AWS Grafana GitLab CI Scrum Networking
Data Scientist,Jupyter Machine Learning SQL R PyTorch
Cloud Architect,IAM Linux AWS Docker Infrastructure as Code Security Problem Solving Azure GCP
Mobile Developer,Dart Linux Android Agile REST APIs Swift
Data Scientist,R Scikit-Learn Git Tableau Pandas TensorFlow Machine Learning
Cyber Security Analyst,Wireshark Scrum Bash Penetration Testing Problem Solving Metasploit Nmap Cryptography Firewalls
Game Developer,C# Jira DirectX C++ Physics Engines Communication
Backend Engineer,.NET Node.js Java MongoDB REST APIs Redis
Database Administrator,SQL Server Performance Tuning Database Design Data Warehousing
Database Administrator,Performance Tuning Oracle ETL Linux Database Design
Database Administrator,Backup & Recovery MySQL SQL Server ETL Communication Performance Tuning
Mobile Developer,SQLite React Native Firebase Android Swift iOS
Cloud Architect,AWS Docker Networking Infrastructure as Code Azure Git Serverless Communication Security
DevOps Engineer,Docker Prometheus Networking Linux Linux Kubernetes Ansible
Database Administrator,ETL Linux Data Warehousing Database Design Backup & Recovery MySQL Oracle
Cloud Architect,Azure Security Serverless Networking GCP Infrastructure as Code Docker
Cloud Architect,Networking AWS Security GCP Kubernetes Azure Infrastructure as Code
Cyber Security Analyst,Wireshark Nmap Python Metasploit Problem Solving SIEM
Database Administrator,Backup & Recovery ETL Git NoSQL Agile SQL Server PostgreSQL
Data Scientist,Pandas Machine Learning Jupyter Python
DevOps Engineer,Docker Linux AWS Ansible Jenkins GitLab CI
Data Scientist,Machine Learning R PyTorch SQL Python Scikit-Learn
Cyber Security Analyst,Kali Linux Metasploit Jira Firewalls SIEM Problem Solving Nmap Incident Response Python
DevOps Engineer,Jenkins Bash Communication Networking Terraform Prometheus Grafana Docker
Mobile Developer,Flutter Git iOS React Native Swift Scrum Firebase
Backend Engineer,SQL Server Communication Java .NET GraphQL Python Problem Solving Microservices
Frontend Developer,Vue.js Vite HTML5 Angular CSS3 React Tailwind
Data Scientist,Jira PyTorch Scikit-Learn SQL Agile Python
Database Administrator,Backup & Recovery MySQL SQL Server Performance Tuning ETL Database Design Data Warehousing
Mobile Developer,Jira iOS Dart Flutter React Native
Frontend Developer,Vite Webpack UI/UX Angular React TypeScript Agile
Machine Learning Engineer,MLOps Python Jira Keras Computer Vision Linux PyTorch
Cloud Architect,Cloud Computing Git AWS Serverless GCP Azure
Cyber Security Analyst,Nmap Metasploit Agile Cryptography SIEM Firewalls Wireshark Communication
Game Developer,Jira DirectX Game Design C# Shader Programming Physics Engines C++
Machine Learning Engineer,Deep Learning AWS SageMaker Jira Git MLOps Python Keras NLP
Cyber Security Analyst,Metasploit Nmap Scrum Linux Cryptography Firewalls Bash Python SIEM
Database Administrator,SQL Server Performance Tuning MySQL PostgreSQL Oracle Git Problem Solving
Data Scientist,PyTorch Statistics Pandas Problem Solving Jupyter Git TensorFlow R SQL
DevOps Engineer,Networking Scrum Linux Git Grafana Terraform GitLab CI Ansible
DevOps Engineer,Grafana Jenkins AWS Kubernetes
Frontend Developer,Linux Vite HTML5 React CSS3 JavaScript
Backend Engineer,REST APIs Scrum .NET C# SQL Server Microservices
Cyber Security Analyst,Wireshark SIEM Jira Bash Nmap Cryptography Kali Linux
DevOps Engineer,Grafana Jenkins Agile GitLab CI Linux Ansible Networking Docker
Machine Learning Engineer,Keras NLP Spark PyTorch TensorFlow MLOps Python
Machine Learning Engineer,AWS SageMaker MLOps PyTorch Spark Python Computer Vision Problem Solving NLP
Backend Engineer,MongoDB Redis Java REST APIs SQL Server Scrum Jira Node.js .NET
Backend Engineer,Scrum Java Node.js GraphQL Python Go MongoDB
Data Scientist,Pandas Python R TensorFlow Tableau Data Visualization Jira Statistics
Backend Engineer,GraphQL C# Java Communication Git Go MongoDB .NET
Database Administrator,PostgreSQL MySQL Scrum Backup & Recovery Jira Data Warehousing Performance Tuning Database Design
Data Scientist,Statistics Data Visualization Machine Learning Python Jupyter TensorFlow Pandas
Cloud Architect,AWS Docker Kubernetes Communication Cloud Computing GCP Infrastructure as Code
Database Administrator,Performance Tuning MySQL Database Design Oracle PostgreSQL Data Warehousing ETL
Database Administrator,MySQL Performance Tuning Linux SQL Server Git Database Design Oracle ETL
Cloud Architect,Docker Networking Azure Security Linux IAM Kubernetes GCP
Cloud Architect,GCP Security Serverless Networking Docker Kubernetes
Frontend Developer,Vite HTML5 TypeScript Angular Tailwind UI/UX CSS3
Cyber Security Analyst,Metasploit Bash Wireshark Jira Linux Cryptography Incident Response
Database Administrator,MySQL Performance Tuning Backup & Recovery Data Warehousing SQL Server Agile PostgreSQL
Database Administrator,MySQL Database Design Data Warehousing Performance Tuning Oracle Backup & Recovery
Backend Engineer,REST APIs C# Microservices Redis Agile Node.js Communication
Data Scientist,PyTorch Jupyter Statistics Tableau SQL Scikit-Learn
Mobile Developer,Swift Android SQLite Kotlin Git Linux
Cyber Security Analyst,Bash Penetration Testing Kali Linux SIEM Nmap Incident Response
Data Scientist,Agile Scikit-Learn Tableau Data Visualization TensorFlow
Game Developer,C# Git Linux Unreal Engine Shader Programming Game Design OpenGL Unity
Backend Engineer,REST APIs Microservices .NET MongoDB GraphQL Redis C#
Backend Engineer,.NET Jira GraphQL SQL Server Go Redis Git
Cloud Architect,Infrastructure as Code Security Azure IAM
Database Administrator,Performance Tuning Jira Oracle Database Design Agile ETL Data Warehousing MySQL NoSQL
Database Administrator,ETL Database Design Oracle Backup & Recovery SQL Server Linux Scrum PostgreSQL NoSQL
Cyber Security Analyst,SIEM Problem Solving Nmap Bash Incident Response
Data Scientist,Jupyter Pandas Data Visualization R
Machine Learning Engineer,Jira MLOps Python Computer Vision Communication TensorFlow Spark AWS SageMaker
Backend Engineer,MongoDB Node.js Microservices .NET C# Python Redis
Game Developer,DirectX Physics Engines Git Linux Shader Programming OpenGL C++ Unity
Machine Learning Engineer,Deep Learning NLP Keras TensorFlow Linux Computer Vision
Data Scientist,Jupyter Problem Solving SQL Pandas TensorFlow
Database Administrator,NoSQL ETL PostgreSQL Oracle SQL Server Database Design Data Warehousing
Data Scientist,Jupyter R SQL TensorFlow
Frontend Developer,Tailwind Vite Sass Linux React TypeScript Webpack
Machine Learning Engineer,PyTorch CUDA Keras Agile MLOps Python Linux NLP
Database Administrator,NoSQL MySQL SQL Server Performance Tuning Database Design PostgreSQL ETL
Data Scientist,PyTorch Tableau Python Linux Machine Learning Jupyter
Mobile Developer,SQLite Flutter React Native Dart
Data Scientist,Statistics Machine Learning TensorFlow PyTorch Tableau SQL Data Visualization
Machine Learning Engineer,MLOps Git Computer Vision Jira TensorFlow Deep Learning PyTorch
Backend Engineer,REST APIs Java Redis Node.js
Database Administrator,MySQL Data Warehousing ETL Database Design Performance Tuning NoSQL SQL Server
Cyber Security Analyst,Jira Kali Linux Agile Firewalls Incident Response Wireshark Bash
Cyber Security Analyst,Jira Bash Metasploit Firewalls Nmap Penetration Testing Kali Linux SIEM
Game Developer,C# OpenGL DirectX Game Design
Backend Engineer,Java .NET C# Python Node.js Microservices Agile SQL Server
Mobile Developer,Kotlin Flutter REST APIs Problem Solving React Native Android Mobile UI Scrum
Database Administrator,Performance Tuning NoSQL Data Warehousing Git PostgreSQL Agile Backup & Recovery SQL Server
DevOps Engineer,Ansible Networking Grafana GitLab CI Terraform
Machine Learning Engineer,Computer Vision AWS SageMaker Linux Deep Learning MLOps
Frontend Developer,HTML5 Communication Agile Vite Angular Vue.js
Frontend Developer,TypeScript Sass Vite CSS3 Communication Agile Vue.js React
Data Scientist,Python Statistics PyTorch Pandas Tableau Scikit-Learn
Database Administrator,Backup & Recovery Performance Tuning SQL Server MySQL NoSQL ETL PostgreSQL Scrum
Database Administrator,Jira Data Warehousing Problem Solving MySQL Backup & Recovery Database Design
DevOps Engineer,Prometheus Bash Agile Grafana Jira Ansible
Database Administrator,Performance Tuning MySQL Problem Solving Communication Data Warehousing SQL Server Database Design PostgreSQL
Game Developer,Unity Game Design C# Physics Engines C++ Shader Programming Problem Solving
Frontend Developer,Communication Webpack Sass Vite CSS3 TypeScript Scrum UI/UX Vue.js
Game Developer,DirectX Unity OpenGL Game Design 3D Math C# Shader Programming
Machine Learning Engineer,CUDA TensorFlow Computer Vision Spark AWS SageMaker Deep Learning
Machine Learning Engineer,Git NLP Computer Vision Spark Problem Solving Python Deep Learning
Game Developer,Physics Engines Shader Programming Unity Unreal Engine DirectX OpenGL C++ Jira
Cyber Security Analyst,Metasploit Firewalls SIEM Python Scrum
DevOps Engineer,AWS Kubernetes Docker Grafana
Mobile Developer,Firebase Android Swift Dart iOS
Cloud Architect,Cloud Computing Infrastructure as Code Docker Jira GCP
Database Administrator,Performance Tuning NoSQL SQL Server Data Warehousing Oracle Communication MySQL
Backend Engineer,REST APIs Python Microservices Node.js MongoDB C# .NET
Frontend Developer,Sass Vite Scrum Angular React
Database Administrator,NoSQL SQL Server MySQL Performance Tuning
Database Administrator,Scrum ETL PostgreSQL Data Warehousing MySQL Backup & Recovery
Cloud Architect,AWS Cloud Computing Networking Scrum Kubernetes Communication Serverless
Mobile Developer,Android REST APIs Kotlin React Native Problem Solving Flutter Swift
DevOps Engineer,Docker AWS Prometheus Kubernetes Ansible Jenkins Networking
Frontend Developer,Vite Sass Webpack CSS3 Angular
Cloud Architect,Security AWS IAM Docker Networking Infrastructure as Code
Cloud Architect,Infrastructure as Code Communication Agile Networking GCP Azure Security
Frontend Developer,Problem Solving Webpack HTML5 Agile Sass Tailwind TypeScript
Cloud Architect,Networking Security GCP Azure Infrastructure as Code AWS Kubernetes
Frontend Developer,Linux Vue.js HTML5 Vite Webpack UI/UX
DevOps Engineer,Bash Terraform Grafana Networking Docker GitLab CI Communication Agile
Machine Learning Engineer,AWS SageMaker Spark CUDA Keras PyTorch NLP Git Python
Cloud Architect,Docker Infrastructure as Code Serverless Networking Security
Mobile Developer,Jira iOS Swift Kotlin Android Mobile UI Git Flutter
Machine Learning Engineer,TensorFlow MLOps CUDA Communication PyTorch
Cloud Architect,Security Azure Cloud Computing Docker
Frontend Developer,UI/UX HTML5 Angular React Linux
Machine Learning Engineer,PyTorch NLP Problem Solving AWS SageMaker TensorFlow
Data Scientist,Problem Solving SQL Communication TensorFlow R Python PyTorch Data Visualization
Machine Learning Engineer,MLOps Communication PyTorch NLP Python TensorFlow
Data Scientist,R Data Visualization TensorFlow Pandas PyTorch
Cyber Security Analyst,SIEM Cryptography Incident Response Firewalls Penetration Testing Scrum Git Bash
Data Scientist,R Pandas Python Jupyter Agile SQL TensorFlow Machine Learning
Mobile Developer,iOS Dart REST APIs React Native Scrum
Mobile Developer,Android iOS Mobile UI SQLite REST APIs
DevOps Engineer,Jira Problem Solving Jenkins Grafana Docker Terraform Bash
DevOps Engineer,Terraform Kubernetes Grafana Ansible
Frontend Developer,Vue.js Scrum React Communication CSS3 UI/UX
DevOps Engineer,Prometheus Jira Linux Jenkins Docker Grafana GitLab CI
Machine Learning Engineer,NLP AWS SageMaker Agile Problem Solving Deep Learning TensorFlow PyTorch
Mobile Developer,SQLite Firebase Swift React Native Kotlin Communication
DevOps Engineer,AWS Linux GitLab CI Networking Prometheus Jenkins
Data Scientist,PyTorch Machine Learning R SQL Communication Scrum Pandas TensorFlow Jupyter
Machine Learning Engineer,Communication MLOps Deep Learning TensorFlow Python NLP
Mobile Developer,REST APIs Firebase Swift iOS Android Agile Scrum Mobile UI Dart
Backend Engineer,REST APIs Python SQL Server Redis GraphQL Java
Game Developer,Shader Programming 3D Math Jira C# DirectX C++
Database Administrator,NoSQL Backup & Recovery Jira ETL PostgreSQL SQL Server
Cyber Security Analyst,Python Bash SIEM Kali Linux Incident Response Cryptography Jira Firewalls
Cloud Architect,Networking Cloud Computing GCP Kubernetes
Game Developer,Scrum DirectX Unity Physics Engines Unreal Engine Jira
Frontend Developer,Jira HTML5 Communication CSS3 Webpack React
Backend Engineer,GraphQL Communication .NET Redis MongoDB Git
Backend Engineer,Microservices Go SQL Server .NET Java Python MongoDB
Database Administrator,Database Design Agile Oracle Data Warehousing MySQL Backup & Recovery Jira ETL NoSQL
Cyber Security Analyst,Wireshark Problem Solving Python Incident Response SIEM Linux
DevOps Engineer,Networking Bash Grafana Git Docker Terraform Ansible Kubernetes
Game Developer,3D Math OpenGL Unity C# Game Design Git Scrum
Game Developer,DirectX Game Design 3D Math Unity Shader Programming C++ Unreal Engine
Frontend Developer,Vite Angular Webpack React UI/UX CSS3 JavaScript
DevOps Engineer,Prometheus Jira Docker Linux Bash
Cloud Architect,Serverless Git Docker AWS IAM Azure Agile
Cloud Architect,Kubernetes Networking Serverless IAM GCP AWS
Mobile Developer,Communication Mobile UI Swift iOS Firebase
Backend Engineer,MongoDB Node.js Redis GraphQL
Cyber Security Analyst,Nmap Incident Response Bash Wireshark Python Firewalls Metasploit
Cloud Architect,Infrastructure as Code Jira AWS Kubernetes Cloud Computing
Database Administrator,SQL Server Performance Tuning PostgreSQL NoSQL Linux
Mobile Developer,Dart Mobile UI REST APIs Communication Agile React Native
Cloud Architect,Infrastructure as Code Security Problem Solving IAM Cloud Computing Git Serverless GCP
DevOps Engineer,Agile GitLab CI Linux Bash Networking Terraform Prometheus Linux
Data Scientist,PyTorch Python Machine Learning Problem Solving SQL Scikit-Learn TensorFlow
Backend Engineer,Node.js C# Python Communication Git Microservices Redis
Backend Engineer,C# Go Jira Java Python
Database Administrator,Oracle Scrum Database Design ETL SQL Server
Cloud Architect,Docker IAM Serverless Security AWS Infrastructure as Code Cloud Computing
Cyber Security Analyst,Kali Linux Problem Solving SIEM Metasploit Nmap
Game Developer,Unreal Engine 3D Math C# Problem Solving DirectX C++
Cloud Architect,Serverless IAM AWS Security GCP Communication Azure Networking
Game Developer,Unreal Engine 3D Math OpenGL Unity Shader Programming C# Jira
DevOps Engineer,Linux Networking Grafana Terraform Jenkins AWS
Game Developer,C++ Unreal Engine C# OpenGL Game Design
Mobile Developer,Dart Kotlin SQLite iOS REST APIs Scrum Mobile UI
Data Scientist,Tableau Jupyter Python Data Visualization SQL Statistics Linux Scikit-Learn
Machine Learning Engineer,AWS SageMaker Deep Learning Scrum Python Computer Vision CUDA
DevOps Engineer,Grafana Agile Jira GitLab CI Prometheus Linux
Game Developer,Git Shader Programming Game Design OpenGL DirectX C++ 3D Math Communication
Game Developer,Unity Game Design Unreal Engine Scrum Physics Engines 3D Math C# OpenGL Jira
Database Administrator,MySQL Oracle SQL Server Performance Tuning Backup & Recovery Data Warehousing
DevOps Engineer,Linux Docker AWS GitLab CI Ansible Problem Solving Grafana Kubernetes
Game Developer,Shader Programming Game Design Unreal Engine C# DirectX
Cyber Security Analyst,SIEM Communication Jira Wireshark Cryptography Python
Game Developer,DirectX 3D Math C++ Shader Programming Game Design Unity C#
Game Developer,Game Design Git C++ C# Physics Engines OpenGL
Cloud Architect,Serverless Communication Azure Git Infrastructure as Code IAM Docker Networking
Mobile Developer,Swift REST APIs SQLite Mobile UI iOS Firebase Jira Agile
Machine Learning Engineer,PyTorch Keras NLP Spark Computer Vision MLOps Python
Cloud Architect,Kubernetes Jira Docker IAM GCP Git AWS Infrastructure as Code
Data Scientist,Jupyter TensorFlow SQL Machine Learning R Jira Scikit-Learn Data Visualization
Mobile Developer,SQLite React Native Android Swift Scrum Mobile UI Linux iOS
Database Administrator,Git Linux ETL PostgreSQL Backup & Recovery MySQL
Database Administrator,Oracle Data Warehousing Database Design SQL Server Performance Tuning ETL Scrum Agile
Backend Engineer,Go REST APIs SQL Server Node.js Jira Microservices
Frontend Developer,Git TypeScript React Tailwind Webpack Sass
Frontend Developer,Vue.js Communication React CSS3 Git JavaScript Vite Tailwind
Cloud Architect,Git Cloud Computing Docker GCP Security
Backend Engineer,Node.js Java REST APIs Python C#
Data Scientist,TensorFlow Jupyter SQL Problem Solving Data Visualization Jira Machine Learning Statistics
Data Scientist,Pandas TensorFlow Linux Scrum R Data Visualization Machine Learning
DevOps Engineer,Grafana Prometheus Linux Jenkins Linux Docker Ansible
Game Developer,Jira C# C++ Physics Engines DirectX
Mobile Developer,Swift React Native REST APIs Flutter Communication Kotlin
Database Administrator,Data Warehousing ETL SQL Server PostgreSQL Backup & Recovery NoSQL
Mobile Developer,Android SQLite Flutter React Native Mobile UI REST APIs
Mobile Developer,Flutter React Native Firebase iOS Dart Android
Game Developer,DirectX Shader Programming 3D Math Scrum OpenGL Game Design Unreal Engine Problem Solving Physics Engines
Database Administrator,PostgreSQL Backup & Recovery MySQL Communication Oracle Performance Tuning NoSQL Problem Solving
Backend Engineer,MongoDB Redis Agile .NET Node.js Java Git
Cloud Architect,Cloud Computing IAM Security Git Agile Networking Infrastructure as Code
Cloud Architect,Git Cloud Computing Kubernetes Azure Infrastructure as Code AWS Problem Solving GCP
Backend Engineer,Python Node.js MongoDB Git C#
Mobile Developer,Communication Kotlin Firebase Scrum Flutter Dart Android REST APIs React Native
DevOps Engineer,Networking AWS Scrum GitLab CI Grafana Jenkins
Cloud Architect,Serverless Cloud Computing Azure Jira Networking AWS
Machine Learning Engineer,CUDA Problem Solving NLP TensorFlow Python Deep Learning Spark AWS SageMaker
Frontend Developer,Vue.js Sass Tailwind Angular Scrum
Cyber Security Analyst,Nmap Metasploit Wireshark Penetration Testing Bash Cryptography
Mobile Developer,SQLite Mobile UI Firebase Dart iOS
Cloud Architect,Docker Serverless AWS Agile Jira Azure Networking
Backend Engineer,Microservices C# Communication SQL Server .NET Java Git Go Python
Frontend Developer,Communication JavaScript Sass Jira TypeScript Tailwind Webpack Vue.js
Backend Engineer,REST APIs Go Java C# Python GraphQL Communication Microservices
Machine Learning Engineer,Python Keras MLOps Spark Git CUDA NLP
Backend Engineer,Problem Solving .NET Jira Redis Node.js C#
Cloud Architect,Docker Kubernetes AWS GCP Networking Problem Solving
Game Developer,Physics Engines DirectX 3D Math Unreal Engine C++ OpenGL Shader Programming
Mobile Developer,Problem Solving Jira Dart REST APIs Swift Kotlin Android React Native
Database Administrator,Oracle ETL Backup & Recovery Jira Database Design MySQL Agile
Machine Learning Engineer,Deep Learning MLOps AWS SageMaker Computer Vision NLP Agile Scrum
Frontend Developer,Vue.js Vite Git Sass Tailwind Linux
Backend Engineer,Problem Solving C# .NET Java Node.js Jira Microservices
Backend Engineer,GraphQL Microservices Python MongoDB Java .NET
DevOps Engineer,Communication Kubernetes GitLab CI Ansible Prometheus Linux AWS Networking
Mobile Developer,Kotlin Swift Dart iOS React Native Linux
Database Administrator,Problem Solving MySQL ETL Backup & Recovery NoSQL SQL Server Data Warehousing PostgreSQL
Cloud Architect,Serverless Docker GCP Azure Security Kubernetes
Cloud Architect,Cloud Computing Docker AWS IAM Azure Infrastructure as Code
Database Administrator,MySQL Backup & Recovery Performance Tuning Data Warehousing Oracle SQL Server PostgreSQL
Frontend Developer,Agile Tailwind React HTML5 JavaScript Vite Scrum Angular
Data Scientist,R Pandas SQL Data Visualization Tableau Jupyter Statistics
Machine Learning Engineer,CUDA TensorFlow Spark NLP
DevOps Engineer,Bash GitLab CI Jira Linux Terraform Docker
Backend Engineer,.NET Linux Microservices REST APIs Redis Go
Cyber Security Analyst,Nmap Wireshark Firewalls Incident Response Python SIEM
Mobile Developer,Git REST APIs Problem Solving Dart Mobile UI Swift SQLite React Native Firebase
Cloud Architect,Networking AWS Scrum Azure IAM Agile
Cloud Architect,Serverless Security Jira Communication IAM Kubernetes Networking
Cyber Security Analyst,Kali Linux Wireshark Python Firewalls SIEM Nmap
Backend Engineer,.NET Scrum Linux Redis Java SQL Server
Machine Learning Engineer,Spark Keras Jira CUDA Linux MLOps
Database Administrator,MySQL SQL Server ETL Oracle
Backend Engineer,Microservices SQL Server Python REST APIs .NET
Frontend Developer,UI/UX Vite JavaScript React Webpack
Database Administrator,Data Warehousing NoSQL MySQL PostgreSQL Database Design Backup & Recovery SQL Server
DevOps Engineer,Grafana Jira Networking Bash Ansible Communication
DevOps Engineer,Kubernetes Networking Jira Jenkins GitLab CI Grafana Prometheus Ansible
Machine Learning Engineer,Python Deep Learning CUDA Spark
Frontend Developer,HTML5 Sass React UI/UX Linux TypeScript CSS3 Webpack
Game Developer,Unreal Engine Physics Engines C++ C# Jira Shader Programming DirectX
Cyber Security Analyst,Python Penetration Testing Bash Incident Response SIEM Nmap Problem Solving Firewalls Agile
Mobile Developer,SQLite Firebase React Native Android Jira
DevOps Engineer,Bash Docker Linux Networking Terraform Jira
Cyber Security Analyst,Scrum Metasploit Problem Solving SIEM Incident Response Nmap
Data Scientist,Data Visualization PyTorch Scikit-Learn Git Jupyter Jira Statistics
Cyber Security Analyst,Incident Response Penetration Testing Cryptography Kali Linux Python Firewalls
Machine Learning Engineer,Keras Deep Learning TensorFlow Python Linux AWS SageMaker PyTorch Agile
Backend Engineer,Redis Python C# GraphQL REST APIs .NET Java
Database Administrator,Linux Oracle Backup & Recovery NoSQL Performance Tuning MySQL Data Warehousing
Data Scientist,Statistics Jupyter Pandas Python PyTorch R
DevOps Engineer,Docker Problem Solving Grafana Scrum Jenkins GitLab CI AWS Terraform
Game Developer,Unreal Engine Scrum C++ C# Shader Programming Game Design DirectX Physics Engines
Frontend Developer,Tailwind HTML5 Sass Vue.js React
Frontend Developer,Angular HTML5 TypeScript Jira Webpack CSS3
Backend Engineer,Go Microservices Git GraphQL Communication REST APIs
Cyber Security Analyst,Cryptography Metasploit Incident Response Bash Jira Agile Wireshark
DevOps Engineer,Prometheus Docker Linux Problem Solving Networking
Cloud Architect,IAM AWS Networking Infrastructure as Code
Cloud Architect,Infrastructure as Code Kubernetes Azure Networking Communication
Data Scientist,Data Visualization Scrum Scikit-Learn Statistics Git TensorFlow Python Machine Learning Pandas
Backend Engineer,Java .NET SQL Server REST APIs
Cloud Architect,Networking Kubernetes GCP IAM Cloud Computing
Frontend Developer,Webpack React Vue.js Vite HTML5 Tailwind
Mobile Developer,Kotlin Communication Dart SQLite Android
Machine Learning Engineer,Computer Vision Spark MLOps TensorFlow Scrum Keras AWS SageMaker NLP
Data Scientist,PyTorch Python Problem Solving SQL Scikit-Learn Data Visualization
Backend Engineer,Git Redis Python REST APIs Go MongoDB
Frontend Developer,HTML5 UI/UX Jira Linux Webpack Angular Vite
Cyber Security Analyst,Nmap Incident Response Kali Linux Firewalls Bash Wireshark SIEM
Frontend Developer,UI/UX CSS3 TypeScript Jira Angular
Machine Learning Engineer,Computer Vision Jira AWS SageMaker Spark Keras NLP Deep Learning TensorFlow
Frontend Developer,Vue.js Agile Vite Angular Communication HTML5 Webpack
Machine Learning Engineer,Spark MLOps TensorFlow NLP Agile Jira Computer Vision
Game Developer,OpenGL Unreal Engine Shader Programming 3D Math C++
Mobile Developer,Scrum Dart Flutter React Native Firebase SQLite Mobile UI Kotlin
Database Administrator,ETL SQL Server Oracle NoSQL Performance Tuning PostgreSQL Scrum Database Design Linux
Backend Engineer,GraphQL REST APIs Go MongoDB Java Linux Microservices
Data Scientist,Communication Jupyter Pandas Python Scikit-Learn SQL
DevOps Engineer,Networking Bash Agile Problem Solving Jenkins Linux AWS
Database Administrator,NoSQL Scrum PostgreSQL SQL Server Oracle ETL Database Design Agile
Backend Engineer,Go Communication GraphQL Git Redis Node.js
Game Developer,3D Math Game Design Shader Programming Unity Physics Engines C++
Frontend Developer,Vite UI/UX TypeScript React Linux HTML5 Webpack
DevOps Engineer,Bash AWS Linux GitLab CI Kubernetes Ansible Docker
Backend Engineer,Go Java .NET MongoDB Agile C# Node.js REST APIs
Cyber Security Analyst,Incident Response Wireshark Kali Linux Penetration Testing Python SIEM
Machine Learning Engineer,Deep Learning Python Problem Solving CUDA Keras NLP PyTorch
Machine Learning Engineer,Deep Learning CUDA Git Problem Solving Python PyTorch
Data Scientist,Data Visualization Jupyter R Python Scikit-Learn
Database Administrator,Backup & Recovery PostgreSQL Oracle SQL Server NoSQL MySQL
Data Scientist,SQL PyTorch Machine Learning Git Pandas Communication Statistics Jupyter
Mobile Developer,Mobile UI Android React Native Swift iOS Kotlin Agile
Cyber Security Analyst,Metasploit Bash SIEM Nmap
Machine Learning Engineer,Spark Computer Vision TensorFlow PyTorch Deep Learning
Game Developer,Problem Solving C++ Unreal Engine 3D Math Physics Engines Unity
Game Developer,C# Unreal Engine Game Design C++ 3D Math Unity Shader Programming
Cyber Security Analyst,Python Metasploit Jira Firewalls Kali Linux
Data Scientist,Pandas Data Visualization SQL TensorFlow R Tableau Statistics
Database Administrator,Problem Solving Oracle Data Warehousing Database Design SQL Server
Game Developer,C++ Unity OpenGL Linux 3D Math Physics Engines C#
Cloud Architect,Infrastructure as Code Scrum Networking AWS Azure Cloud Computing
Data Scientist,Python Pandas SQL Jupyter Git R PyTorch
Data Scientist,Data Visualization TensorFlow Jupyter PyTorch Machine Learning Tableau
Machine Learning Engineer,Deep Learning PyTorch MLOps Spark AWS SageMaker Jira Computer Vision Agile TensorFlow
Cyber Security Analyst,Wireshark Problem Solving Python Incident Response Metasploit
Machine Learning Engineer,Spark CUDA AWS SageMaker PyTorch Problem Solving Computer Vision Deep Learning
DevOps Engineer,Networking Grafana Terraform Docker
Machine Learning Engineer,NLP Keras PyTorch CUDA Spark Python Jira Deep Learning
Game Developer,Physics Engines Unity DirectX C++ Scrum
DevOps Engineer,Jenkins AWS Grafana Kubernetes Networking Bash Terraform Linux
Data Scientist,Tableau Scikit-Learn TensorFlow PyTorch
Database Administrator,MySQL Oracle Performance Tuning PostgreSQL
Database Administrator,NoSQL Database Design ETL Oracle Performance Tuning
Database Administrator,NoSQL PostgreSQL MySQL Data Warehousing Oracle SQL Server
Frontend Developer,Git CSS3 JavaScript Angular Tailwind
Frontend Developer,HTML5 JavaScript Webpack Angular UI/UX TypeScript
Frontend Developer,UI/UX Vite React Webpack Sass Angular
Machine Learning Engineer,Spark TensorFlow MLOps Git Problem Solving Keras CUDA Python
DevOps Engineer,Communication Jenkins Scrum Bash GitLab CI Linux Prometheus
Machine Learning Engineer,Computer Vision PyTorch Python AWS SageMaker Deep Learning CUDA NLP
Cyber Security Analyst,Kali Linux Incident Response Jira Bash Metasploit Cryptography SIEM
Frontend Developer,Vue.js Agile HTML5 UI/UX React JavaScript
Frontend Developer,Vite Linux JavaScript CSS3 Vue.js TypeScript
Cyber Security Analyst,Bash Firewalls Kali Linux Cryptography Wireshark SIEM Nmap
Cloud Architect,Kubernetes AWS Problem Solving Docker IAM Git Security
Cyber Security Analyst,Incident Response Bash Nmap Jira Wireshark Penetration Testing Metasploit Kali Linux Linux
Data Scientist,SQL Tableau Python PyTorch Data Visualization Jupyter Scikit-Learn
Database Administrator,Database Design SQL Server Data Warehousing PostgreSQL ETL Scrum Agile MySQL Backup & Recovery
Backend Engineer,Node.js C# Python .NET SQL Server MongoDB
DevOps Engineer,Prometheus Grafana Kubernetes Terraform Docker
Database Administrator,Performance Tuning Database Design Communication Scrum Data Warehousing Oracle SQL Server Backup & Recovery MySQL
Frontend Developer,TypeScript Webpack UI/UX Tailwind Vite
Frontend Developer,React Webpack Scrum HTML5 JavaScript Vue.js Git TypeScript
Machine Learning Engineer,NLP AWS SageMaker CUDA Python MLOps TensorFlow PyTorch
Backend Engineer,Agile C# Redis Go Linux .NET GraphQL Node.js
Database Administrator,Oracle Problem Solving MySQL NoSQL Performance Tuning PostgreSQL ETL
Database Administrator,Performance Tuning NoSQL Data Warehousing PostgreSQL Database Design Jira Oracle Backup & Recovery
Cyber Security Analyst,Nmap SIEM Bash Python Wireshark Firewalls Incident Response
Machine Learning Engineer,NLP TensorFlow Python Computer Vision
Machine Learning Engineer,NLP Computer Vision TensorFlow Python Deep Learning PyTorch MLOps
Machine Learning Engineer,Python NLP Computer Vision Spark MLOps AWS SageMaker Deep Learning Linux
Game Developer,C# 3D Math Agile OpenGL C++ Unity Unreal Engine Game Design
Game Developer,3D Math C# OpenGL Game Design DirectX
DevOps Engineer,Prometheus Networking Jenkins Kubernetes GitLab CI AWS Ansible
Data Scientist,TensorFlow Python Tableau Pandas SQL R Agile
Frontend Developer,Sass CSS3 JavaScript Vue.js Angular
Frontend Developer,Sass Tailwind HTML5 Agile Linux UI/UX React TypeScript Vue.js
Game Developer,DirectX Shader Programming Unity Game Design Unreal Engine
DevOps Engineer,Linux Ansible GitLab CI Terraform Jenkins Docker Linux Scrum
Machine Learning Engineer,CUDA Scrum Spark Deep Learning NLP
Mobile Developer,Android Kotlin iOS Swift Dart Linux React Native
Machine Learning Engineer,NLP Deep Learning AWS SageMaker Keras
Cyber Security Analyst,Wireshark Kali Linux Python Metasploit
DevOps Engineer,Docker AWS Grafana Kubernetes
Data Scientist,PyTorch Machine Learning R SQL TensorFlow
Backend Engineer,Microservices Redis Problem Solving Linux MongoDB Java Python
Mobile Developer,Agile Kotlin REST APIs Mobile UI Scrum iOS
Cyber Security Analyst,SIEM Firewalls Python Nmap Bash Wireshark
Data Scientist,Pandas PyTorch Jira Linux SQL Statistics Python Machine Learning
Frontend Developer,JavaScript Linux Webpack Git Vite Vue.js
Mobile Developer,Swift SQLite Linux Jira REST APIs Android React Native Flutter
Game Developer,OpenGL Physics Engines Unity 3D Math Game Design Unreal Engine DirectX
Game Developer,Shader Programming Unreal Engine C++ OpenGL Unity Scrum DirectX 3D Math Jira
Database Administrator,Oracle Problem Solving SQL Server Performance Tuning PostgreSQL ETL NoSQL Backup & Recovery
Cyber Security Analyst,Wireshark Penetration Testing Firewalls Kali Linux Python
Cloud Architect,Docker Serverless Cloud Computing GCP Kubernetes Azure
Cloud Architect,Cloud Computing Agile GCP Docker AWS Kubernetes
Machine Learning Engineer,Deep Learning NLP Agile CUDA Computer Vision AWS SageMaker PyTorch Keras
Data Scientist,Linux TensorFlow Statistics Problem Solving Scikit-Learn PyTorch
Backend Engineer,Linux GraphQL C# Python Communication Microservices
Mobile Developer,React Native Firebase iOS Dart SQLite Swift Mobile UI
Cloud Architect,IAM Infrastructure as Code Cloud Computing Git Serverless Networking Docker Security
DevOps Engineer,Linux Jenkins Kubernetes Linux Networking Bash Jira
Game Developer,Shader Programming Linux Unreal Engine DirectX C++ Problem Solving Unity C#
Data Scientist,Jupyter Python Pandas R TensorFlow Statistics Machine Learning
Database Administrator,Git Database Design NoSQL ETL PostgreSQL
DevOps Engineer,Docker Kubernetes GitLab CI Terraform
Cloud Architect,Cloud Computing Security GCP Kubernetes IAM
Backend Engineer,Go Node.js Redis SQL Server Java
Cloud Architect,Kubernetes Scrum Infrastructure as Code Git Azure GCP
DevOps Engineer,AWS Networking Terraform Agile Bash Jenkins Grafana Git
Backend Engineer,Go Redis .NET Microservices SQL Server Java
Cyber Security Analyst,Jira Metasploit Penetration Testing Python Wireshark Incident Response
Backend Engineer,Python Java .NET C# SQL Server REST APIs Node.js
Backend Engineer,Go Redis Node.js Python GraphQL Agile
Cyber Security Analyst,Metasploit Wireshark Agile Cryptography Python Firewalls
Backend Engineer,Redis REST APIs Communication Python Go Agile
Data Scientist,SQL Tableau Jupyter Statistics Python Pandas Data Visualization
Database Administrator,SQL Server Jira Data Warehousing ETL MySQL NoSQL
Cyber Security Analyst,Scrum Penetration Testing Cryptography Problem Solving Metasploit Firewalls
Backend Engineer,MongoDB Go Microservices Python .NET
Machine Learning Engineer,AWS SageMaker Keras Deep Learning PyTorch MLOps TensorFlow NLP
Cyber Security Analyst,Metasploit Cryptography Wireshark Linux Python Nmap
Frontend Developer,TypeScript Angular Tailwind React Sass Webpack UI/UX
Backend Engineer,Go GraphQL C# MongoDB Java Scrum Linux
Cyber Security Analyst,Incident Response Firewalls Wireshark SIEM Bash Metasploit Kali Linux
Frontend Developer,Sass CSS3 Webpack Tailwind HTML5 UI/UX React Scrum
Mobile Developer,Kotlin React Native REST APIs Firebase Flutter Mobile UI
Game Developer,Game Design OpenGL Agile 3D Math Physics Engines Jira
Database Administrator,Linux Data Warehousing SQL Server Problem Solving Oracle Performance Tuning
Cloud Architect,Infrastructure as Code GCP Networking Cloud Computing IAM
Cyber Security Analyst,Metasploit Kali Linux Wireshark Bash
DevOps Engineer,Ansible Networking Prometheus GitLab CI Bash
Machine Learning Engineer,CUDA NLP Spark AWS SageMaker Deep Learning Computer Vision
Game Developer,C++ Physics Engines OpenGL Agile Game Design DirectX
Database Administrator,SQL Server NoSQL ETL PostgreSQL Git
Game Developer,Unity DirectX Physics Engines Shader Programming 3D Math Unreal Engine Communication Agile Game Design
Cyber Security Analyst,Linux Nmap Cryptography Metasploit SIEM Penetration Testing Python Firewalls
Database Administrator,Backup & Recovery ETL PostgreSQL MySQL Oracle Problem Solving SQL Server Performance Tuning
Data Scientist,Machine Learning Linux TensorFlow Data Visualization Jupyter Scrum R
Frontend Developer,Tailwind UI/UX CSS3 Jira Sass TypeScript
Data Scientist,SQL Machine Learning Statistics Pandas Scrum Scikit-Learn Jupyter
Cyber Security Analyst,Metasploit Nmap Wireshark Agile Bash Python Scrum
Game Developer,3D Math OpenGL C++ DirectX
Database Administrator,Performance Tuning ETL Backup & Recovery NoSQL SQL Server MySQL Database Design
Cloud Architect,AWS Problem Solving Security Kubernetes IAM Cloud Computing Jira
Database Administrator,Database Design PostgreSQL Backup & Recovery Data Warehousing ETL Performance Tuning MySQL
Data Scientist,Data Visualization SQL TensorFlow Communication Jira Statistics
Cyber Security Analyst,Firewalls Penetration Testing Cryptography Wireshark Jira Kali Linux
Cyber Security Analyst,Cryptography Firewalls Jira Incident Response Metasploit Scrum SIEM
Frontend Developer,React Vite Sass Problem Solving Linux UI/UX Webpack
Game Developer,Unity Shader Programming Physics Engines Unreal Engine
Data Scientist,Machine Learning Jupyter Python Statistics Scikit-Learn TensorFlow
Database Administrator,PostgreSQL ETL Oracle Jira MySQL Database Design Problem Solving Data Warehousing
Cyber Security Analyst,Penetration Testing Kali Linux Bash Scrum Agile Incident Response Python
Data Scientist,Python Jupyter Scrum TensorFlow Data Visualization PyTorch
Machine Learning Engineer,TensorFlow PyTorch Deep Learning NLP AWS SageMaker
Database Administrator,Oracle Database Design MySQL SQL Server Performance Tuning
DevOps Engineer,Networking Linux Communication Grafana AWS
DevOps Engineer,Git Communication Terraform Jenkins Grafana Docker
DevOps Engineer,Terraform GitLab CI Linux AWS Networking Linux
Backend Engineer,.NET Microservices Node.js Go
Database Administrator,SQL Server Scrum ETL Performance Tuning PostgreSQL Oracle Database Design Backup & Recovery
Data Scientist,PyTorch Statistics Jira Jupyter Problem Solving Scikit-Learn
Game Developer,Unreal Engine DirectX Unity C++
Database Administrator,ETL NoSQL Database Design Communication Data Warehousing MySQL
Cyber Security Analyst,SIEM Incident Response Python Kali Linux Git Metasploit Nmap Agile
DevOps Engineer,AWS Ansible Docker Jenkins Kubernetes Networking Bash
Cyber Security Analyst,Cryptography Penetration Testing Metasploit Firewalls SIEM
Backend Engineer,GraphQL MongoDB Go Node.js
Backend Engineer,C# .NET Redis Agile Git Java SQL Server
Backend Engineer,MongoDB Go Node.js Java C# REST APIs GraphQL
Frontend Developer,JavaScript Webpack Git CSS3 Problem Solving UI/UX TypeScript React
Data Scientist,Statistics Scikit-Learn Python Git Jupyter Machine Learning Agile Pandas Data Visualization
Machine Learning Engineer,NLP TensorFlow Problem Solving Spark Computer Vision Git AWS SageMaker Python
Machine Learning Engineer,Git CUDA Deep Learning Scrum TensorFlow AWS SageMaker Spark Keras
Backend Engineer,Go SQL Server Problem Solving Jira Microservices Java
Cloud Architect,AWS Networking Communication Azure Serverless Cloud Computing Security Kubernetes Agile
Frontend Developer,Sass TypeScript Agile Problem Solving Vite Vue.js Tailwind React
Game Developer,Unreal Engine Jira Communication DirectX Shader Programming Physics Engines 3D Math
Cloud Architect,Cloud Computing Problem Solving Networking Infrastructure as Code Serverless Docker Azure
Database Administrator,PostgreSQL ETL Performance Tuning SQL Server
Game Developer,OpenGL Unity C# DirectX
Cloud Architect,IAM Azure Linux Scrum Networking GCP AWS Infrastructure as Code Cloud Computing
Database Administrator,Data Warehousing SQL Server Oracle NoSQL Agile Communication PostgreSQL
Data Scientist,TensorFlow R Python Tableau Statistics Jupyter
Frontend Developer,Tailwind Webpack JavaScript Vite
Machine Learning Engineer,TensorFlow Deep Learning Linux Spark Python Git
Backend Engineer,C# Redis Node.js MongoDB Problem Solving Java REST APIs Scrum Microservices
Mobile Developer,SQLite Flutter iOS Swift Mobile UI
Machine Learning Engineer,CUDA NLP Jira Python PyTorch Spark Deep Learning
Game Developer,Communication Physics Engines OpenGL DirectX C#
Game Developer,Shader Programming Unity C# DirectX 3D Math C++ Unreal Engine Git
Database Administrator,Backup & Recovery SQL Server Data Warehousing ETL NoSQL MySQL Database Design
DevOps Engineer,Jenkins Agile Terraform Grafana Networking
Frontend Developer,React Sass Angular Git Vite Problem Solving TypeScript
Cloud Architect,Serverless Cloud Computing Security Networking Infrastructure as Code Azure Linux IAM
Database Administrator,Backup & Recovery ETL Performance Tuning Oracle NoSQL Database Design Data Warehousing
Cloud Architect,Security Agile GCP AWS Linux IAM Docker Kubernetes
Frontend Developer,Webpack Vue.js JavaScript Tailwind CSS3
Backend Engineer,Python .NET Problem Solving Redis REST APIs Linux
Mobile Developer,Jira REST APIs Firebase Agile Dart Swift SQLite Flutter
Cyber Security Analyst,Wireshark Nmap Cryptography Incident Response Penetration Testing Linux Firewalls SIEM
Frontend Developer,Tailwind Sass JavaScript Webpack Vue.js TypeScript UI/UX
Game Developer,Unreal Engine C++ Shader Programming Git DirectX Physics Engines OpenGL Unity
Data Scientist,Jupyter Linux Communication Data Visualization TensorFlow SQL Statistics Python Machine Learning
Backend Engineer,Microservices MongoDB C# GraphQL
Cloud Architect,Networking Docker Azure Communication GCP Kubernetes Serverless Problem Solving
Game Developer,Game Design C++ 3D Math DirectX C# Physics Engines
DevOps Engineer,Networking Problem Solving Terraform Bash AWS Grafana Linux Jenkins Jira
Mobile Developer,Flutter Firebase SQLite React Native Mobile UI Git Swift Scrum
DevOps Engineer,Docker Prometheus Jenkins AWS Terraform Linux Linux
Backend Engineer,Microservices Python GraphQL MongoDB Redis
Game Developer,Shader Programming OpenGL C++ 3D Math Unity Linux Game Design DirectX
Mobile Developer,REST APIs React Native Swift Android iOS Communication
Cyber Security Analyst,Nmap Bash Python Linux Agile Wireshark
Frontend Developer,TypeScript React Tailwind HTML5 UI/UX
Machine Learning Engineer,Deep Learning CUDA TensorFlow Python NLP PyTorch Computer Vision
Backend Engineer,Redis REST APIs C# Node.js Git GraphQL SQL Server MongoDB
Frontend Developer,Vite JavaScript HTML5 Tailwind Communication
Game Developer,Git C++ Game Design OpenGL Problem Solving Physics Engines
Backend Engineer,MongoDB Node.js Java C#
Game Developer,Unity C# Game Design Physics Engines DirectX OpenGL C++
Frontend Developer,Problem Solving React Vue.js JavaScript Webpack Linux HTML5 UI/UX
Cloud Architect,Cloud Computing Infrastructure as Code Networking GCP Serverless Jira Linux
Mobile Developer,iOS Communication Agile Mobile UI SQLite REST APIs Android React Native Swift
Cloud Architect,Infrastructure as Code IAM Security Docker Cloud Computing Azure Serverless
Data Scientist,Jupyter Scrum Tableau Pandas Machine Learning
Cyber Security Analyst,SIEM Kali Linux Incident Response Wireshark Python
Frontend Developer,Angular Vite Webpack TypeScript Tailwind JavaScript React
Database Administrator,MySQL SQL Server Database Design Data Warehousing ETL Oracle
Data Scientist,Statistics Scikit-Learn Tableau PyTorch
DevOps Engineer,AWS Jira Bash Problem Solving Jenkins GitLab CI Linux
Backend Engineer,C# Node.js GraphQL Python MongoDB
Database Administrator,PostgreSQL NoSQL ETL Database Design
Cloud Architect,Infrastructure as Code Kubernetes Cloud Computing Docker AWS GCP IAM
Cyber Security Analyst,Nmap Penetration Testing Firewalls Kali Linux Cryptography
Database Administrator,MySQL PostgreSQL Database Design Agile Backup & Recovery ETL Git
Game Developer,Game Design OpenGL Unity C++ Shader Programming
Frontend Developer,Scrum Webpack UI/UX Sass JavaScript Tailwind CSS3
Cyber Security Analyst,Bash Metasploit SIEM Python Problem Solving Jira Kali Linux
Database Administrator,Oracle Backup & Recovery PostgreSQL ETL NoSQL MySQL
Database Administrator,Problem Solving Oracle NoSQL MySQL Database Design SQL Server Performance Tuning Git
Mobile Developer,Flutter Firebase iOS SQLite Agile Android
Data Scientist,Statistics PyTorch Jira Scrum Tableau Data Visualization TensorFlow Python R
Database Administrator,Database Design Data Warehousing Scrum Agile Oracle Backup & Recovery
Cloud Architect,Kubernetes Jira Azure GCP AWS Agile Networking Security Docker
Cloud Architect,Infrastructure as Code Docker IAM Cloud Computing AWS Jira
Frontend Developer,React Webpack Sass Jira TypeScript
Cloud Architect,Security Kubernetes GCP Infrastructure as Code Cloud Computing Git Serverless Docker
Machine Learning Engineer,AWS SageMaker Linux MLOps NLP Communication Computer Vision Deep Learning
Machine Learning Engineer,CUDA Python NLP Problem Solving Communication Keras Computer Vision
Cyber Security Analyst,Metasploit Cryptography Linux Incident Response SIEM
Backend Engineer,MongoDB SQL Server .NET Python Agile Java
Machine Learning Engineer,Computer Vision Agile PyTorch NLP Deep Learning
Cyber Security Analyst,Penetration Testing Kali Linux Wireshark Agile Firewalls Python
Backend Engineer,Jira Java Git .NET MongoDB C# Go
Machine Learning Engineer,Computer Vision Keras NLP Python PyTorch MLOps
DevOps Engineer,Ansible Jenkins Grafana Jira Scrum Kubernetes GitLab CI Prometheus Bash
Machine Learning Engineer,Computer Vision TensorFlow PyTorch Keras Python AWS SageMaker MLOps
Mobile Developer,SQLite Kotlin Android Swift Agile React Native Git
Frontend Developer,Angular Tailwind Jira JavaScript React CSS3 Vue.js
DevOps Engineer,Agile Networking Problem Solving Grafana Kubernetes Prometheus AWS Docker
Cyber Security Analyst,Firewalls Incident Response Metasploit Git Jira SIEM
Cyber Security Analyst,Penetration Testing Bash Kali Linux Firewalls SIEM Metasploit Incident Response
DevOps Engineer,Docker Jenkins Terraform Grafana Problem Solving GitLab CI Networking Kubernetes
Mobile Developer,Dart Linux Mobile UI Problem Solving REST APIs Swift Flutter
Backend Engineer,Go Java REST APIs MongoDB Microservices SQL Server Communication .NET
Mobile Developer,Flutter Linux Firebase Android Swift Problem Solving
Game Developer,3D Math C++ Unreal Engine Linux Physics Engines C#
Machine Learning Engineer,CUDA Computer Vision Spark MLOps PyTorch TensorFlow Python
Database Administrator,SQL Server Backup & Recovery Data Warehousing Git ETL NoSQL Oracle
Backend Engineer,MongoDB Node.js Agile Microservices Java Jira
Cloud Architect,Scrum Git Networking Azure AWS Serverless
Machine Learning Engineer,Keras NLP PyTorch Computer Vision
Game Developer,Unreal Engine Shader Programming DirectX Physics Engines Problem Solving
Cloud Architect,IAM Infrastructure as Code Serverless AWS GCP
DevOps Engineer,Kubernetes AWS Ansible Jenkins Agile GitLab CI Jira Grafana
Mobile Developer,React Native Mobile UI REST APIs Firebase SQLite Dart
DevOps Engineer,GitLab CI Ansible Agile Terraform Bash Grafana Jenkins Linux
DevOps Engineer,Kubernetes Terraform Grafana GitLab CI Docker Prometheus AWS
Frontend Developer,Angular Vue.js UI/UX CSS3 JavaScript Linux
Backend Engineer,C# SQL Server Java .NET Node.js Redis Communication Git
DevOps Engineer,Grafana Ansible Networking Docker GitLab CI Terraform Kubernetes Agile
Cyber Security Analyst,Wireshark Metasploit Incident Response Git Penetration Testing
Game Developer,Shader Programming OpenGL Unity Unreal Engine
DevOps Engineer,AWS Networking Ansible Kubernetes Prometheus
Machine Learning Engineer,Spark CUDA NLP Problem Solving Computer Vision TensorFlow PyTorch MLOps Communication
Machine Learning Engineer,TensorFlow Computer Vision Spark Linux AWS SageMaker Python Git
Mobile Developer,SQLite Flutter Android iOS
Machine Learning Engineer,Spark MLOps Agile Deep Learning Python AWS SageMaker NLP
Data Scientist,Scrum TensorFlow R Scikit-Learn Statistics Data Visualization Problem Solving Machine Learning
Mobile Developer,REST APIs Firebase Swift Android SQLite iOS
Cyber Security Analyst,Incident Response Metasploit Scrum Cryptography Wireshark Kali Linux Python Bash
Database Administrator,Backup & Recovery Problem Solving Data Warehousing Oracle SQL Server Linux ETL NoSQL
Database Administrator,ETL SQL Server Communication Backup & Recovery Database Design PostgreSQL
Cloud Architect,Agile Serverless IAM Cloud Computing Kubernetes GCP Security
Cloud Architect,Serverless Infrastructure as Code Communication AWS Cloud Computing Docker GCP
Cyber Security Analyst,Penetration Testing Nmap Bash Agile Wireshark SIEM Cryptography Jira
Backend Engineer,Python MongoDB Microservices REST APIs
DevOps Engineer,Bash AWS Git Grafana Jira Terraform
Backend Engineer,MongoDB Jira .NET SQL Server GraphQL
Database Administrator,Database Design NoSQL Oracle Performance Tuning Data Warehousing Agile Backup & Recovery Linux ETL
Machine Learning Engineer,TensorFlow Computer Vision Python Keras CUDA MLOps Scrum
Mobile Developer,Kotlin Agile Android Dart iOS Flutter SQLite Communication Mobile UI
Game Developer,3D Math OpenGL Unity C++
Machine Learning Engineer,Spark CUDA NLP PyTorch
Frontend Developer,CSS3 HTML5 TypeScript Git Jira UI/UX
Database Administrator,Linux Backup & Recovery SQL Server Data Warehousing Database Design PostgreSQL
Backend Engineer,Java .NET MongoDB Node.js Python REST APIs SQL Server
Backend Engineer,SQL Server Jira REST APIs Java MongoDB C#
Machine Learning Engineer,AWS SageMaker PyTorch Linux Python NLP
Frontend Developer,TypeScript CSS3 Sass Linux Tailwind Vite JavaScript
Mobile Developer,React Native Linux Kotlin Swift Communication Firebase
Data Scientist,Jupyter Tableau Python Jira PyTorch Statistics Git
Cyber Security Analyst,Linux Agile Python Wireshark Kali Linux Bash Nmap Metasploit Incident Response
Machine Learning Engineer,Deep Learning Python PyTorch Git MLOps
Frontend Developer,React Vue.js JavaScript TypeScript Angular Linux
Cyber Security Analyst,Scrum Bash Problem Solving Cryptography Firewalls Kali Linux Nmap
DevOps Engineer,Jira Linux AWS Communication Docker Kubernetes Networking Grafana Terraform
Database Administrator,Database Design Linux Performance Tuning Git NoSQL PostgreSQL Oracle
Mobile Developer,Mobile UI SQLite Dart Swift Android
Mobile Developer,Swift iOS React Native REST APIs Firebase Flutter Problem Solving Mobile UI Agile
Cyber Security Analyst,Incident Response Wireshark Metasploit Bash Agile Nmap
Machine Learning Engineer,Jira AWS SageMaker Deep Learning Keras PyTorch
Backend Engineer,GraphQL .NET Microservices Go Node.js Problem Solving SQL Server Redis
Frontend Developer,React Vite HTML5 Jira Sass Angular
Cloud Architect,IAM Infrastructure as Code Serverless GCP Azure Linux Problem Solving AWS Cloud Computing
Database Administrator,PostgreSQL Performance Tuning SQL Server Backup & Recovery MySQL Database Design NoSQL
Machine Learning Engineer,CUDA Jira MLOps Spark Keras Python
Machine Learning Engineer,NLP TensorFlow CUDA Problem Solving Keras Python PyTorch Computer Vision Jira
Data Scientist,R Pandas SQL Machine Learning Communication
Mobile Developer,Problem Solving Kotlin Swift SQLite Mobile UI Scrum iOS REST APIs
Cloud Architect,Networking Kubernetes Docker Serverless Azure Security
Mobile Developer,SQLite REST APIs Swift Dart Flutter
Cloud Architect,Git Cloud Computing GCP Scrum Security Docker
DevOps Engineer,Terraform Ansible Prometheus Grafana Linux Linux Jira Kubernetes Networking
Machine Learning Engineer,Spark AWS SageMaker Deep Learning Linux Computer Vision PyTorch
Game Developer,DirectX Unity OpenGL 3D Math Shader Programming C++ Problem Solving
Database Administrator,NoSQL Performance Tuning PostgreSQL Database Design ETL MySQL
Cloud Architect,Security Kubernetes IAM Azure Linux Serverless Docker Problem Solving
Machine Learning Engineer,Keras Agile Deep Learning TensorFlow NLP Linux
Mobile Developer,Swift Linux Dart SQLite Agile Android
Database Administrator,MySQL NoSQL SQL Server Oracle PostgreSQL Backup & Recovery
Frontend Developer,UI/UX Communication Sass Webpack TypeScript Tailwind Linux Vite
Data Scientist,Jira Linux R Statistics TensorFlow SQL Machine Learning Data Visualization PyTorch
Data Scientist,Git Python Pandas R Jupyter SQL TensorFlow
Game Developer,DirectX OpenGL Game Design Unreal Engine
DevOps Engineer,Kubernetes Jenkins Terraform Docker
Frontend Developer,Git UI/UX Angular CSS3 Tailwind
Game Developer,Linux 3D Math Communication Game Design Unreal Engine Physics Engines
DevOps Engineer,GitLab CI Linux AWS Terraform Grafana
Backend Engineer,Node.js GraphQL REST APIs Microservices SQL Server Agile Redis
Frontend Developer,HTML5 Communication Vite Git UI/UX Vue.js TypeScript Angular
DevOps Engineer,Linux Kubernetes AWS Prometheus Docker Jenkins
Machine Learning Engineer,NLP Keras PyTorch Jira Computer Vision Python MLOps Deep Learning
Mobile Developer,Dart Swift Kotlin Scrum REST APIs Mobile UI SQLite iOS
Game Developer,Unreal Engine OpenGL 3D Math C# Shader Programming C++
DevOps Engineer,Grafana Networking Problem Solving Kubernetes Prometheus Linux
Cyber Security Analyst,Git Cryptography Kali Linux Problem Solving Wireshark Metasploit
Cloud Architect,Cloud Computing Docker Azure Infrastructure as Code Communication Networking IAM Security
Machine Learning Engineer,NLP Problem Solving AWS SageMaker Python Git MLOps
Mobile Developer,Android Agile Swift Flutter iOS SQLite React Native Mobile UI
Game Developer,Unity OpenGL Scrum Shader Programming Game Design Physics Engines C#
Game Developer,C++ Shader Programming Unreal Engine C# 3D Math Jira
Data Scientist,PyTorch Machine Learning TensorFlow Tableau Pandas Data Visualization Scikit-Learn
Frontend Developer,Communication Sass Webpack Jira HTML5 Tailwind CSS3 UI/UX
Cyber Security Analyst,Incident Response Agile Bash Firewalls Cryptography
Mobile Developer,Kotlin Android Problem Solving Flutter Swift Communication REST APIs Dart SQLite
Frontend Developer,CSS3 Jira HTML5 React UI/UX
Cyber Security Analyst,Penetration Testing Python Wireshark Kali Linux Bash
Database Administrator,ETL Linux Data Warehousing Oracle Database Design PostgreSQL SQL Server NoSQL
DevOps Engineer,Prometheus Jira Problem Solving Networking Grafana Bash Terraform Ansible Jenkins
Cloud Architect,Agile Networking AWS Cloud Computing Docker
Mobile Developer,Agile iOS Git Mobile UI Firebase SQLite React Native Kotlin
DevOps Engineer,Docker Terraform GitLab CI Grafana Ansible Communication Networking Bash
Data Scientist,Python Machine Learning Jupyter Tableau Data Visualization Scikit-Learn R
Game Developer,Unity Agile C# Scrum 3D Math Unreal Engine
Backend Engineer,GraphQL REST APIs MongoDB Agile Redis C#
Database Administrator,Backup & Recovery Data Warehousing MySQL NoSQL Database Design SQL Server
Frontend Developer,Angular JavaScript TypeScript Problem Solving CSS3 Jira Vite HTML5
DevOps Engineer,Ansible Linux Grafana Linux AWS Scrum GitLab CI Networking
Game Developer,C# Agile Unity OpenGL 3D Math Game Design Linux Physics Engines
Cyber Security Analyst,Nmap Metasploit Python Bash Penetration Testing SIEM Cryptography
Cloud Architect,Serverless Networking Kubernetes Security Infrastructure as Code Cloud Computing GCP Problem Solving
Machine Learning Engineer,Keras Problem Solving Computer Vision PyTorch Deep Learning CUDA Spark Communication NLP
Cyber Security Analyst,Wireshark Metasploit Linux Problem Solving Bash Firewalls Cryptography
Cloud Architect,Kubernetes Cloud Computing Docker GCP
Backend Engineer,C# REST APIs MongoDB Java GraphQL Linux Go Communication
Database Administrator,Backup & Recovery Git Database Design SQL Server ETL MySQL
Data Scientist,Scrum Data Visualization Statistics TensorFlow Pandas Tableau
Cloud Architect,Infrastructure as Code Serverless Azure Kubernetes Cloud Computing Security
Cyber Security Analyst,Firewalls Wireshark Incident Response Bash
Database Administrator,Backup & Recovery Problem Solving Linux SQL Server ETL Performance Tuning NoSQL Data Warehousing MySQL
Cloud Architect,GCP Security AWS IAM Infrastructure as Code Scrum Kubernetes
Database Administrator,MySQL ETL Data Warehousing Backup & Recovery Performance Tuning
Database Administrator,SQL Server PostgreSQL NoSQL ETL Data Warehousing Backup & Recovery
Backend Engineer,REST APIs Python Microservices Git Node.js MongoDB
Cyber Security Analyst,Penetration Testing Wireshark Kali Linux SIEM Cryptography Firewalls Incident Response
Machine Learning Engineer,Computer Vision Deep Learning MLOps CUDA Spark TensorFlow Communication Scrum Python
Game Developer,DirectX C# Game Design Shader Programming Physics Engines 3D Math Communication
Database Administrator,ETL NoSQL Oracle Database Design Performance Tuning
Frontend Developer,UI/UX Angular React Vue.js Webpack TypeScript HTML5
Frontend Developer,Sass Angular Vite Tailwind CSS3 TypeScript
Cloud Architect,Serverless IAM GCP Problem Solving Linux Cloud Computing Kubernetes Azure
Game Developer,Game Design Shader Programming Linux C# DirectX 3D Math Physics Engines
Machine Learning Engineer,Git AWS SageMaker Computer Vision NLP Jira Keras
Cyber Security Analyst,SIEM Penetration Testing Nmap Bash Jira Cryptography Metasploit
Frontend Developer,Vite UI/UX React Tailwind HTML5
Cloud Architect,Serverless Security Cloud Computing Agile Kubernetes Infrastructure as Code IAM
Data Scientist,Pandas PyTorch Data Visualization Machine Learning Python Tableau Statistics
Machine Learning Engineer,Deep Learning CUDA Problem Solving TensorFlow AWS SageMaker
Frontend Developer,HTML5 Vue.js Problem Solving React Vite Linux CSS3 Sass JavaScript
Cloud Architect,GCP Networking IAM Kubernetes AWS Security Agile
Frontend Developer,JavaScript Webpack HTML5 Angular Problem Solving Vite CSS3 Communication TypeScript
Database Administrator,Database Design ETL PostgreSQL MySQL Linux Performance Tuning Oracle Backup & Recovery
DevOps Engineer,Networking Linux Ansible Bash Kubernetes Terraform
Frontend Developer,Angular Sass Vite Webpack TypeScript Vue.js
Database Administrator,ETL Database Design Problem Solving PostgreSQL Performance Tuning
Database Administrator,Problem Solving SQL Server NoSQL ETL Data Warehousing Backup & Recovery MySQL
DevOps Engineer,GitLab CI Linux Networking Docker Kubernetes Bash
Game Developer,DirectX OpenGL Scrum Shader Programming Physics Engines Game Design Unity
Machine Learning Engineer,Linux Python AWS SageMaker Computer Vision Spark
Backend Engineer,Redis Node.js .NET Microservices
Cloud Architect,Kubernetes Networking AWS Cloud Computing Security Communication
Data Scientist,PyTorch Python Scrum Problem Solving Jupyter Statistics
Data Scientist,Jira PyTorch Data Visualization Tableau Linux Scikit-Learn
Mobile Developer,Dart React Native Swift REST APIs Flutter
Cyber Security Analyst,Python Wireshark Nmap Bash Metasploit
Database Administrator,MySQL SQL Server ETL Git Jira Performance Tuning Oracle Backup & Recovery
Data Scientist,Communication TensorFlow R Jupyter Statistics Tableau Pandas
Mobile Developer,SQLite Flutter Firebase Communication Kotlin REST APIs Dart Swift
Cyber Security Analyst,Nmap SIEM Scrum Firewalls Incident Response Cryptography Kali Linux Metasploit
Mobile Developer,SQLite Android Communication Swift Flutter React Native Dart Mobile UI
Game Developer,C# 3D Math Unity OpenGL
Backend Engineer,Microservices Linux MongoDB SQL Server GraphQL Go
DevOps Engineer,Kubernetes AWS Linux Prometheus Terraform Ansible
Database Administrator,NoSQL Linux Backup & Recovery ETL MySQL Performance Tuning Database Design SQL Server
Machine Learning Engineer,Scrum CUDA AWS SageMaker Computer Vision TensorFlow Python MLOps Keras
Cloud Architect,Cloud Computing AWS IAM Problem Solving Agile GCP Networking Security Docker
Frontend Developer,Problem Solving Tailwind Sass Angular UI/UX React Linux Vite
Database Administrator,Communication Data Warehousing Agile Backup & Recovery Performance Tuning Database Design
Cloud Architect,Jira Security Serverless Azure Agile Cloud Computing
Data Scientist,Data Visualization Statistics SQL Scikit-Learn PyTorch Scrum Jira Machine Learning
Machine Learning Engineer,TensorFlow NLP PyTorch CUDA AWS SageMaker Python
Data Scientist,SQL Jupyter Statistics Pandas Data Visualization TensorFlow Scikit-Learn
Database Administrator,NoSQL MySQL Backup & Recovery Oracle Linux ETL Git Data Warehousing Performance Tuning
Cyber Security Analyst,SIEM Nmap Cryptography Penetration Testing Metasploit Python
Game Developer,Unity OpenGL Physics Engines DirectX Unreal Engine C# Shader Programming
Database Administrator,Data Warehousing ETL Database Design SQL Server Jira NoSQL
DevOps Engineer,GitLab CI Terraform AWS Agile Scrum Docker
Backend Engineer,.NET Communication SQL Server Scrum GraphQL REST APIs Node.js Python
Machine Learning Engineer,CUDA Keras Python NLP Computer Vision
Mobile Developer,Kotlin React Native REST APIs Mobile UI Scrum
Cyber Security Analyst,Metasploit Incident Response Bash Nmap Penetration Testing Cryptography Jira
Data Scientist,PyTorch TensorFlow Python R Tableau Pandas
Cloud Architect,Infrastructure as Code Kubernetes Security Serverless AWS Cloud Computing Azure
Game Developer,Shader Programming C++ Physics Engines 3D Math Git Jira DirectX
DevOps Engineer,Prometheus Ansible Grafana GitLab CI Docker
Game Developer,DirectX Game Design OpenGL Shader Programming Unity Jira C#
Cloud Architect,Git Networking Docker Linux Security Serverless Cloud Computing
